t,x,y,z
100800.00000000000,-6525854.864810664,-25279563.56428891,-4785393.701218197
100830.00000000000,-6520500.20051671,-25297808.46184047,-4691656.3140830165
100860.00000000000,-6515130.71946419,-25315712.52204313,-4597828.895166836
100890.00000000000,-6509744.99770764,-25333275.51810946,-4503913.238280253
100920.00000000000,-6504341.610588452,-25350497.23436443,-4409911.13920468
100950.00000000000,-6498919.132804307,-25367377.466253787,-4315824.395658198
100980.00000000000,-6493476.138478622,-25383916.020351898,-4221654.807261287
101010.00000000000,-6488011.201230061,-25400112.714369178,-4127404.1755025573
101040.00000000000,-6482522.894242074,-25415967.37715906,-4033074.3037043414
101070.00000000000,-6477009.790332528,-25431479.84872443,-3938666.9969883543
101100.00000000000,-6471470.462023305,-25446649.98022371,-3844184.0622411533
101130.00000000000,-6465903.481610004,-25461477.633976355,-3749627.308079658
101160.00000000000,-6460307.421231629,-25475962.683468,-3654998.5448165303
101190.00000000000,-6454680.852940351,-25490105.01335501,-3560299.58442559
101220.00000000000,-6449022.348771246,-25503904.51946873,-3465532.240507065
101250.00000000000,-6443330.480812107,-25517361.10881909,-3370698.3282528957
101280.00000000000,-6437603.821273256,-25530474.699597888,-3275799.6644119187
101310.00000000000,-6431840.942557352,-25543245.221181504,-3180838.0672550118
101340.00000000000,-6426040.417329278,-25555672.614133216,-3085815.3565402273
101370.00000000000,-6420200.818585968,-25567756.830205012,-2990733.353477812
101400.00000000000,-6414320.719726288,-25579497.832338937,-2895593.8806952205
101430.00000000000,-6408398.694620908,-25590895.59466797,-2800398.7622020724
101460.00000000000,-6402433.317682182,-25601950.10251647,-2705149.8233550447
101490.00000000000,-6396423.1639340315,-25612661.352400064,-2609848.890822746
101520.00000000000,-6390366.809081796,-25623029.352025177,-2514497.792550487
101550.00000000000,-6384262.82958214,-25633054.120288018,-2419098.3577251034
101580.00000000000,-6378109.802712882,-25642735.687273104,-2323652.4167396226
101610.00000000000,-6371906.306642856,-25652074.09425134,-2228161.8011579537
101640.00000000000,-6365650.920501739,-25661069.39367762,-2132628.343679517
101670.00000000000,-6359342.224449855,-25669721.649187945,-2037053.8781038153
101700.00000000000,-6352978.799748032,-25678030.93559607,-1941440.2392949932
101730.00000000000,-6346559.228827126,-25685997.33888974,-1845789.2631463327
101760.00000000000,-6340082.095358267,-25693620.956226323,-1750102.7865446957
101790.00000000000,-6333545.984321877,-25700901.895928152,-1654382.64733496
101820.00000000000,-6326949.48207808,-25707840.277477197,-1558630.6842843804
101850.00000000000,-6320291.176435636,-25714436.23150949,-1462848.7370469177
101880.00000000000,-6313569.656722076,-25720689.89980887,-1367038.6461275828
101910.00000000000,-6306783.513852982,-25726601.435300376,-1271202.2528466338
101940.00000000000,-6299931.340401564,-25732171.00204318,-1175341.3993038416
101970.00000000000,-6293011.730668123,-25737398.775222953,-1079457.9283426818
102000.00000000000,-6286023.28074942,-25742284.941143878,-983553.6835144382
102030.00000000000,-6278964.588608053,-25746829.697220106,-887630.5090423661
102060.00000000000,-6271834.254141741,-25751033.251966774,-791690.2497857665
102090.00000000000,-6264630.8792525465,-25754895.8249906,-695734.7512040137
102120.00000000000,-6257353.067916016,-25758417.646979917,-599765.859320574
102150.00000000000,-6249999.4262503125,-25761598.959694304,-503785.4206870187
102180.00000000000,-6242568.562585189,-25764440.015953727,-407795.28234692453
102210.00000000000,-6235059.087530982,-25766941.079627227,-311797.29179985094
102240.00000000000,-6227469.614047432,-25769102.425621137,-215793.29696517994
102270.00000000000,-6219798.757512515,-25770924.33986679,-119785.1461460191
102300.00000000000,-6212045.135791114,-25772407.11930784,-23774.68799301218
102330.00000000000,-6204207.36930363,-25773551.07188704,72236.22853187456
102360.00000000000,-6196284.081094551,-25774356.516532596,168245.7541915087
102390.00000000000,-6188273.896900842,-25774823.78314406,264252.03950990346
102420.00000000000,-6180175.445220287,-25774953.212577704,360253.2348084658
102450.00000000000,-6171987.357379747,-25774745.15663152,456247.4902422905
102480.00000000000,-6163708.267603281,-25774199.978029646,552232.9558364735
102510.00000000000,-6155336.813080153,-25773318.050406452,648207.7815225013
102540.00000000000,-6146871.634032793,-25772099.75829003,744170.1171745524
102570.00000000000,-6138311.373784576,-25770545.497085348,840118.1126459292
102600.00000000000,-6129654.678827516,-25768655.673056833,936049.9178054588
102630.00000000000,-6120900.198889851,-25766430.703310568,1031963.6825739165
102660.00000000000,-6112046.587003496,-25763871.015775993,1127857.556960467
102690.00000000000,-6103092.499571363,-25760977.049187176,1223729.6910991475
102720.00000000000,-6094036.596434559,-25757749.253063556,1319578.2352853608
102750.00000000000,-6084877.540939476,-25754188.087690327,1415401.3400123366
102780.00000000000,-6075614.000004723,-25750294.024098273,1511197.1560076869
102810.00000000000,-6066244.6441879105,-25746067.544043195,1606963.8342699215
102840.00000000000,-6056768.147752336,-25741509.139984872,1702699.5261050025
102870.00000000000,-6047183.188733484,-25736619.315065548,1798402.3831629078
102900.00000000000,-6037488.449005419,-25731398.583088018,1894070.5574741904
102930.00000000000,-6027682.614346998,-25725847.468493175,1989702.2014865836
102960.00000000000,-6017764.374507945,-25719966.506337162,2085295.4681015864
102990.00000000000,-6007732.423274776,-25713756.24226807,2180848.5107110725
103020.00000000000,-5997585.458536552,-25707217.23250217,2276359.483233922
103050.00000000000,-5987322.182350476,-25700350.04379967,2371826.5401526457
103080.00000000000,-5976941.301007364,-25693155.253440086,2467247.836549982
103110.00000000000,-5966441.525096856,-25685633.449197102,2562621.5281456127
103140.00000000000,-5955821.569572577,-25677785.22931302,2657945.7713327305
103170.00000000000,-5945080.153817004,-25669611.202472713,2753218.72321479
103200.00000000000,-5934216.001706267,-25661111.987777196,2848438.5416420675
103230.00000000000,-5923227.8416747,-25652288.214716744,2943603.3852483938
103260.00000000000,-5912114.406779243,-25643140.523143485,3038711.4134877874
103290.00000000000,-5900874.434763615,-25633669.563243657,3133760.786671169
103320.00000000000,-5889506.668122387,-25623875.995509356,3228749.6660029567
103350.00000000000,-5878009.854164749,-25613760.49070986,3323676.213617838
103380.00000000000,-5866382.745078194,-25603323.72986251,3418538.592617358
103410.00000000000,-5854624.097991975,-25592566.40420316,3513334.9671066324
103440.00000000000,-5842732.675040115,-25581489.215156246,3608063.502231026
103470.00000000000,-5830707.243424956,-25570092.87430421,3702722.3642127966
103500.00000000000,-5818546.575479297,-25558378.103356812,3797309.7203877717
103530.00000000000,-5806249.448729744,-25546345.634119663,3891823.7392420103
103560.00000000000,-5793814.645958437,-25533996.20846269,3986262.590448478
103590.00000000000,-5781240.955265751,-25521330.578287784,4080624.4449036615
103620.00000000000,-5768527.17013205,-25508349.505496323,4174907.4747642437
103650.00000000000,-5755672.089479478,-25495053.761956107,4269109.853483725
103680.00000000000,-5742674.517733511,-25481444.129467938,4363229.755849063
103710.00000000000,-5729533.264884248,-25467521.399731718,4457265.358017311
103740.00000000000,-5716247.146547535,-25453286.374312166,4551214.837552155
103770.00000000000,-5702814.984025763,-25438739.86460408,4645076.373460608
103800.00000000000,-5689235.604368506,-25423882.691797223,4738848.146229565
103830.00000000000,-5675507.840432918,-25408715.68684071,4832528.337862342
103860.00000000000,-5661630.53094385,-25393239.690407064,4926115.131915283
103890.00000000000,-5647602.5205537565,-25377455.552855786,5019606.713534301
103920.00000000000,-5633422.6599023435,-25361364.134196553,5113001.269491401
103950.00000000000,-5619089.805675982,-25344966.30405198,5206296.988221202
103980.00000000000,-5604602.820666834,-25328262.941619962,5299492.059857462
104010.00000000000,-5589960.573831776,-25311254.935635604,5392584.676269527
104040.00000000000,-5575161.940351032,-25293943.18433278,5485573.031098829
104070.00000000000,-5560205.801686561,-25276328.595405266,5578455.319795313
104100.00000000000,-5545091.045640156,-25258412.085967377,5671229.739653885
104130.00000000000,-5529816.566411332,-25240194.58251438,5763894.489850796
104160.00000000000,-5514381.264654882,-25221677.020882305,5856447.771480055
104190.00000000000,-5498784.047538212,-25202860.346207518,5948887.787589765
104220.00000000000,-5483023.828798376,-25183745.51288577,6041212.743218496
104250.00000000000,-5467099.528798863,-25164333.484530956,6133420.845431554
104280.00000000000,-5451010.074586045,-25144625.23393336,6225510.303357349
104310.00000000000,-5434754.399945436,-25124621.74301761,6317479.328223569
104340.00000000000,-5418331.445457587,-25104324.00280018,6409326.133393482
104370.00000000000,-5401740.158553721,-25083733.013346527,6501048.934402143
104400.00000000000,-5384979.493571112,-25062849.783727802,6592645.948992534
104430.00000000000,-5368048.299226318,-25041675.31935613,6684115.4866389055
104460.00000000000,-5350945.769342084,-25020210.67313266,6775455.590542374
104490.00000000000,-5333670.76642442,-24998456.86754679,6866664.574838159
104520.00000000000,-5316222.272982317,-24976414.9472518,6957740.666462756
104550.00000000000,-5298599.278703123,-24954085.965684593,7048682.094741044
104580.00000000000,-5280800.780506023,-24931470.985020116,7139487.0914223185
104610.00000000000,-5262825.782595484,-24908571.076125395,7230153.890716255
104640.00000000000,-5244673.296513916,-24885387.31851322,7320680.729328816
104670.00000000000,-5226342.341194512,-24861920.800295494,7411065.8464981355
104700.00000000000,-5207831.943013477,-24838172.61813614,7501307.484030417
104730.00000000000,-5189141.135842059,-24814143.877203673,7591403.886335693
104760.00000000000,-5170268.961098223,-24789835.69112339,7681353.300463614
104790.00000000000,-5151214.467797947,-24765249.181929257,7771153.976139229
104820.00000000000,-5131976.712606452,-24740385.48001531,7860804.165798627
104850.00000000000,-5112554.75988862,-24715245.72408683,7950302.124624614
104880.00000000000,-5092947.68175957,-24689831.06111109,8039646.110582352
104910.00000000000,-5073154.5581346415,-24664142.64626771,8128834.384454882
104940.00000000000,-5053174.4767791135,-24638181.64289875,8217865.20987868
104970.00000000000,-5033006.533357554,-24611949.222458392,8306736.853379157
105000.00000000000,-5012649.8314828575,-24585446.56446227,8395447.58440604
105030.00000000000,-4992103.4827650525,-24558674.856436428,8483995.675368825
105060.00000000000,-4971366.606859423,-24531635.293866057,8572379.40167209
105090.00000000000,-4950438.331514709,-24504329.08014372,8660597.041750772
105120.00000000000,-4929317.792620635,-24476757.42651734,8748646.877105469
105150.00000000000,-4908004.134255307,-24448921.55203784,8836527.19233758
105180.00000000000,-4886496.508732106,-24420822.683506392,8924236.275184486
105210.00000000000,-4864794.0766462395,-24392462.055421412,9011772.416554635
105240.00000000000,-4842896.006921181,-24363840.90992513,9099133.910562601
105270.00000000000,-4820801.476854266,-24334960.496749923,9186319.05456402
105300.00000000000,-4798509.672162387,-24305822.073164266,9273326.14919061
105330.00000000000,-4776019.787027091,-24276426.90391835,9360153.498384982
105360.00000000000,-4753331.024139383,-24246776.261189386,9446799.409435494
105390.00000000000,-4730442.59474413,-24216871.42452666,9533262.193011021
105420.00000000000,-4707353.718684057,-24186713.680796143,9619540.16319566
105450.00000000000,-4684063.6244436,-24156304.324124843,9705631.637523385
105480.00000000000,-4660571.549191946,-24125644.655844912,9791534.93701266
105510.00000000000,-4636876.73882613,-24094735.984437343,9877248.386200914
105540.00000000000,-4612978.448013505,-24063579.625475373,9962770.313179111
105570.00000000000,-4588875.9402339365,-24032176.901567634,10048099.049626064
105600.00000000000,-4564568.487821523,-24000529.14230099,10133232.930842848
105630.00000000000,-4540055.372006146,-23968637.684182957,10218170.295787064
105660.00000000000,-4515335.882954231,-23936503.87058404,10302909.487107059
105690.00000000000,-4490409.319809534,-23904129.051679578,10387448.851176089
105720.00000000000,-4465274.990733298,-23871514.584391385,10471786.73812641
105750.00000000000,-4439932.212944113,-23838661.83232908,10555921.5018833
105780.00000000000,-4414380.31275734,-23805572.165731166,10639851.500199014
105810.00000000000,-4388618.625624122,-23772246.961405735,10723575.09468668
105840.00000000000,-4362646.4961700225,-23738687.602671012,10807090.650854105
105870.00000000000,-4336463.278233388,-23704895.479295496,10890396.53813754
105900.00000000000,-4310068.334902958,-23670871.98743792,10973491.129935352
105930.00000000000,-4283461.038555453,-23636618.529586844,11056372.803641608
105960.00000000000,-4256640.770892536,-23602136.514500115,11139039.940679666
105990.00000000000,-4229606.922977467,-23567427.357143875,11221490.926535556
106020.00000000000,-4202358.8952712165,-23532492.478631448,11303724.150791446
106050.00000000000,-4174896.0976684494,-23497333.306161907,11385738.007158898
106080.00000000000,-4147217.94953264,-23461951.272958346,11467530.893512124
106110.00000000000,-4119323.87973122,-23426347.818205994,11549101.211921128
106140.00000000000,-4091213.3266700525,-23390524.386989936,11630447.368684815
106170.00000000000,-4062885.7383275703,-23354482.43023271,11711567.774363982
106200.00000000000,-4034340.5722884787,-23318223.404631574,11792460.843814217
106230.00000000000,-4005577.2957769968,-23281748.772595525,11873124.996218774
106260.00000000000,-3976595.385689865,-23245060.00218212,11953558.655121317
106290.00000000000,-3947394.3286285438,-23208158.567034043,12033760.24845861
106320.00000000000,-3917973.620931387,-23171045.94631538,12113728.20859311
106350.00000000000,-3888332.76870515,-23133723.624647718,12193460.972345456
106380.00000000000,-3858471.2878561513,-23096193.092045985,12272956.981026968
106410.00000000000,-3828388.704120986,-23058455.843854055,12352214.68047191
106440.00000000000,-3798084.5530967526,-23020513.38068016,12431232.521069795
106470.00000000000,-3767558.380271063,-22982367.20833198,12510008.957797557
106500.00000000000,-3736809.7410512,-22944018.837751664,12588542.450251617
106530.00000000000,-3705838.2007932533,-22905469.784950487,12666831.462679889
106560.00000000000,-3674643.334830608,-22866721.570943367,12744874.4640137
106590.00000000000,-3643224.728502009,-22827775.721683152,12822669.92789958
106620.00000000000,-3611581.9771792423,-22788633.76799471,12900216.33273101
106650.00000000000,-3579714.686294267,-22749297.24550876,12977512.161680056
106680.00000000000,-3547622.471366127,-22709767.694595546,13054555.902728895
106710.00000000000,-3515304.9580270434,-22670046.660298333,13131346.048701288
106740.00000000000,-3482761.782048406,-22630135.69226663,13207881.097293923
106770.00000000000,-3449992.589366164,-22590036.344689265,13284159.551107658
106800.00000000000,-3416997.036105776,-22549750.176227253,13360179.91767873
106830.00000000000,-3383774.7886067117,-22509278.7499465,13435940.709509792
106860.00000000000,-3350325.523446491,-22468623.633250292,13511440.444100887
106890.00000000000,-3316648.9274644013,-22427786.397811558,13586677.643980332
106920.00000000000,-3282744.697784433,-22386768.619505078,13661650.836735498
106950.00000000000,-3248612.541838141,-22345571.878339406,13736358.555043446
106980.00000000000,-3214252.1773867756,-22304197.758388624,13810799.336701576
107010.00000000000,-3179663.3325431077,-22262647.847723976,13884971.724658031
107040.00000000000,-3144845.7457927307,-22220923.738345314,13958874.2670421
107070.00000000000,-3109799.1660148297,-22179027.02611234,14032505.517194496
107100.00000000000,-3074523.3525027586,-22136959.310675733,14105864.033697514
107130.00000000000,-3039018.07498373,-22094722.19540812,14178948.380405076
107160.00000000000,-3003283.1136384057,-22052317.28733483,14251757.126472715
107190.00000000000,-2967318.259119859,-22009746.197064586,14324288.84638743
107220.00000000000,-2931123.3125721104,-21967010.53871996,14396542.119997388
107250.00000000000,-2894698.0856481213,-21924111.929867722,14468515.532541618
107280.00000000000,-2858042.400527564,-21881051.991449058,14540207.67467951
107310.00000000000,-2821156.0899336766,-21837832.34770963,14611617.142520247
107340.00000000000,-2784038.997150112,-21794454.62612948,14682742.537652086
107370.00000000000,-2746690.97603702,-21750920.457352858,14753582.467171622
107400.00000000000,-2709111.891046783,-21707231.475117825,14824135.54371282
107430.00000000000,-2671301.617239264,-21663389.316185858,14894400.385476029
107460.00000000000,-2633260.04029651,-21619395.620271184,14964375.616256824
107490.00000000000,-2594987.0565370526,-21575252.029970113,15034059.865474788
107520.00000000000,-2556482.57292985,-21530960.190690182,15103451.768202111
107550.00000000000,-2517746.5071073547,-21486521.75057923,15172549.965192169
107580.00000000000,-2478778.78737857,-21441938.36045431,15241353.102907874
107610.00000000000,-2439579.3527413514,-21397211.673730552,15309859.833550017
107640.00000000000,-2400148.1528943293,-21352343.346349858,15378068.815085405
107670.00000000000,-2360485.14824827,-21307335.036709554,15445978.711274952
107700.00000000000,-2320590.309937166,-21262188.40559088,15513588.191701593
107730.00000000000,-2280463.619828487,-21216905.11608748,15580895.93179812
107760.00000000000,-2240105.070533294,-21171486.833533682,15647900.612874871
107790.00000000000,-2199514.665415678,-21125935.225432765,15714600.922147335
107820.00000000000,-2158692.418601826,-21080251.961385146,15780995.552763578
107850.00000000000,-2117638.354988482,-21034438.713016428,15847083.203831607
107880.00000000000,-2076352.5102510154,-20988497.1539054,15912862.580446566
107910.00000000000,-2034834.9308511205,-20942428.959512,15978332.393717831
107940.00000000000,-1993085.6740436293,-20896235.807105124,16043491.360796008
107970.00000000000,-1951104.8078833316,-20849919.375690423,16108338.204899715
108000.00000000000,-1908892.4112309627,-20803481.345938064,16172871.655342374
108030.00000000000,-1866448.5737589076,-20756923.400110282,16237090.447558722
108060.00000000000,-1823773.395956289,-20710247.221989084,16300993.323131328
108090.00000000000,-1780866.989133587,-20663454.496803723,16364579.029816931
108120.00000000000,-1737729.475426985,-20616546.911158174,16427846.321572611
108150.00000000000,-1694360.9878017828,-20569526.152958643,16490793.95858192
108180.00000000000,-1650761.670055773,-20522393.91134086,16553420.707280774
108210.00000000000,-1606931.6768218968,-20475151.876597498,16615725.340383317
108240.00000000000,-1562871.1735704467,-20427801.74010543,16677706.636907604
108270.00000000000,-1518580.3366108183,-20380345.194253042,16739363.382201118
108300.00000000000,-1474059.3530927077,-20332783.932367433,16800694.367966264
108330.00000000000,-1429308.4210070018,-20285119.648641635,16861698.392285615
108360.00000000000,-1384327.749185849,-20237354.0380618,16922374.259647056
108390.00000000000,-1339117.5573025402,-20189488.79633434,16982720.780968864
108420.00000000000,-1293678.075870812,-20141525.619813092,17042736.773624554
108450.00000000000,-1248009.546243595,-20093466.205426395,17102421.06146764
108480.00000000000,-1202112.2206113748,-20045312.25060425,17161772.474856272
108510.00000000000,-1155986.3619999476,-19997065.453205377,17220789.8506777
108540.00000000000,-1109632.244267879,-19948727.5114443,17279472.032372613
108570.00000000000,-1063050.1521032006,-19900300.123818494,17337817.86995938
108600.00000000000,-1016240.38101984,-19851784.9890354,17395826.220058076
108630.00000000000,-969203.2373534944,-19803183.80593955,17453495.945914425
108660.00000000000,-921939.0382569954,-19754498.27343969,17510825.91742361
108690.00000000000,-874448.1116951965,-19705730.090435836,17567815.011153884
108720.00000000000,-826730.7964393571,-19656880.955746427,17624462.110370107
108750.00000000000,-778787.4420611802,-19607952.568035465,17680766.105057094
108780.00000000000,-730618.4089260492,-19558946.625739656,17736725.891942855
108810.00000000000,-682224.0681860875,-19509864.82699562,17792340.374521647
108840.00000000000,-633604.8017725851,-19460708.869567055,17847608.463076938
108870.00000000000,-584761.0023879725,-19411480.45077204,17902529.074704204
108900.00000000000,-535693.0734972376,-19362181.267410234,17957101.133333534
108930.00000000000,-486401.4293190874,-19312813.01569024,18011323.56975219
108960.00000000000,-436886.49481623434,-19263377.39115694,18065195.321626905
108990.00000000000,-387148.7056855336,-19213876.08861889,18118715.333526168
109020.00000000000,-337188.50834751874,-19164310.80207572,18171882.5569422
109050.00000000000,-287006.35993542336,-19114683.2246457,18224695.95031293
109080.00000000000,-236602.72828375362,-19064995.04849322,18277154.479043767
109110.00000000000,-185978.09191637114,-19015247.964756407,18329257.115529172
109140.00000000000,-135132.94003405236,-18965443.6634748,18381002.839174163
109170.00000000000,-84067.77250173129,-18915583.833517052,18432390.636415645
109200.00000000000,-32783.099834932014,-18865670.162508737,18483419.50074353
109230.00000000000,18720.556813955307,-18815704.3367602,18534088.432721823
109260.00000000000,70442.66567002423,-18765688.041194487,18584396.440009434
109290.00000000000,122382.68435068987,-18715622.959275376,18634342.537380934
109320.00000000000,174540.05988100544,-18665510.772935428,18683925.746747077
109350.00000000000,226914.22870932333,-18615353.16250421,18733145.09717526
109380.00000000000,279504.6167237107,-18565151.80663651,18781999.624909725
109410.00000000000,332310.63926861994,-18514908.382240698,18830488.373391733
109440.00000000000,385331.70116204955,-18464624.564407192,18878610.393279426
109470.00000000000,438567.196713293,-18414302.026336968,18926364.742467694
109500.00000000000,492016.50974108465,-18363942.439270206,18973750.486107774
109530.00000000000,545679.0135922935,-18313547.472415034,19020766.696626745
109560.00000000000,599554.0711608585,-18263118.792876393,19067412.45374685
109590.00000000000,653641.0349076428,-18212658.065584935,19113686.844504658
109620.00000000000,707939.2468803283,-18162166.953226168,19159588.963270098
109650.00000000000,762448.0387339778,-18111647.116169594,19205117.91176527
109680.00000000000,817166.7317520659,-18061100.212398015,19250272.799083192
109710.00000000000,872094.6368679609,-18010527.897436973,19295052.741706293
109740.00000000000,927231.0546868853,-17959931.824284308,19339456.863524813
109770.00000000000,982575.2755082119,-17909313.643339813,19383484.295854993
109800.00000000000,1038126.5793485474,-17858675.002335075,19427134.177457176
109830.00000000000,1093884.2359649679,-17808017.54626341,19470405.654553648
109860.00000000000,1149847.5048788432,-17757342.91730995,19513297.880846415
109890.00000000000,1206015.6354001574,-17706652.754781865,19555810.01753475
109920.00000000000,1262387.866652188,-17655948.69503875,19597941.23333262
109950.00000000000,1318963.4275968364,-17605232.371423148,19639690.70448591
109980.00000000000,1375741.5370601304,-17554505.4141912,19681057.61478954
110010.00000000000,1432721.40375851,-17503769.450443514,19722041.15560436
110040.00000000000,1489902.2263253639,-17453026.104056098,19762640.525873914
110070.00000000000,1547283.1933380608,-17402276.99561155,19802854.93214103
110100.00000000000,1604863.4833454918,-17351523.742330343,19842683.588564273
110130.00000000000,1662642.2648959812,-17300767.9580023,19882125.71693416
110160.00000000000,1720618.6965657948,-17250011.252918266,19921180.546689317
110190.00000000000,1778791.9269878604,-17199255.233801905,19959847.314932343
110220.00000000000,1837161.0948812654,-17148501.503741696,19998125.266445648
110250.00000000000,1895725.3290809197,-17097751.662123144,20036013.653706994
110280.00000000000,1954483.748567815,-17047007.30456108,20073511.73690495
110310.00000000000,2013435.462499692,-16996270.022832252,20110618.783954162
110340.00000000000,2072579.5702421488,-16945541.404808052,20147334.07051044
110370.00000000000,2131915.161400251,-16894823.034387417,20183656.879985694
110400.00000000000,2191441.3158504115,-16844116.491430007,20219586.50356268
110430.00000000000,2251157.1037730137,-16793423.351689428,20255122.2402096
110460.00000000000,2311061.5856852,-16742745.186746843,20290263.396694534
110490.00000000000,2371153.8124742256,-16692083.563944671,20325009.287599675
110520.00000000000,2431432.8254312146,-16641440.046320483,20359359.23533541
110550.00000000000,2491897.656285409,-16590816.192541186,20393312.570154253
110580.00000000000,2552547.327226241,-16540213.55684457,20426868.63016028
110610.00000000000,2613380.850995496,-16489633.688940924,20460026.76134231
110640.00000000000,2674397.230823308,-16439078.134005375,20492786.317553025
110670.00000000000,2735595.460543083,-16388548.432567196,20525146.660549477
110700.00000000000,2796974.5246038204,-16338046.12045895,20557107.159997825
110730.00000000000,2858533.398106957,-16287572.728751943,20588667.193486195
110760.00000000000,2920271.0468435436,-16237129.78369192,20619826.1465374
110790.00000000000,2982186.4273319365,-16186718.806635004,20650583.412621476
110820.00000000000,3044278.4868557416,-16136341.313983865,20680938.39316802
110850.00000000000,3106546.163502465,-16085998.817124128,20710890.49757843
110880.00000000000,3168988.3861643123,-16035692.822383286,20740439.143226452
110910.00000000000,3231604.0747068217,-15985424.830891851,20769583.755509183
110940.00000000000,3294392.139841127,-15935196.338618621,20798323.76780785
110970.00000000000,3357351.4832621226,-15885008.83625064,20826658.621529147
111000.00000000000,3420480.9976671124,-15834863.809143681,20854587.766109917
111030.00000000000,3483779.5667969584,-15784762.737260077,20882110.65902828
111060.00000000000,3547246.0654773256,-15734707.095106952,20909226.765814587
111090.00000000000,3610879.3596605323,-15684698.351674601,20935935.560062263
111120.00000000000,3674678.3064677026,-15634737.970375234,20962236.523438387
111150.00000000000,3738641.754231373,-15584827.40898189,20988129.145694118
111180.00000000000,3802768.5425384957,-15534968.119567718,21013612.92467503
111210.00000000000,3867057.5022738473,-15485161.548445435,21038687.366331115
111240.00000000000,3931507.455663697,-15435409.136107171,21063351.984726753
111270.00000000000,3996117.21632017,-15385712.317164484,21087606.302050445
111300.00000000000,4060885.5892856987,-15336072.520288717,21111449.84862432
111330.00000000000,4125811.3710780265,-15286491.168151647,21134882.162913576
111360.00000000000,4190893.3497355506,-15236969.677366395,21157902.79153566
111390.00000000000,4256130.304863098,-15187509.458428608,21180511.28926928
111420.00000000000,4321521.007677919,-15138111.915658027,21202707.219063256
111450.00000000000,4387064.221056402,-15088778.447140206,21224490.152045228
111480.00000000000,4452758.699580792,-15039510.444668636,21245859.667530075
111510.00000000000,4518603.1895865295,-14990309.293687178,21266815.353028297
111540.00000000000,4584596.429209866,-14941176.373232719,21287356.804254096
111570.00000000000,4650737.148435865,-14892113.05587817,21307483.625133358
111600.00000000000,4717024.069146864,-14843120.707675815,21327195.427811418
111630.00000000000,4783456.040691756,-14794200.60919806,21346491.820993654
111660.00000000000,4850031.494949432,-14745354.272312038,21365372.45539662
111690.00000000000,4916749.268169466,-14696582.963086592,21383836.957468074
111720.00000000000,4983608.050315954,-14647888.020929992,21401884.97230611
111750.00000000000,5050606.523497503,-14599270.778451176,21419516.153264392
111780.00000000000,5117743.362017963,-14550732.561404906,21436730.16195889
111810.00000000000,5185017.232427363,-14502274.688637318,21453526.668274358
111840.00000000000,5252426.7935730405,-14453898.472031845,21469905.350370713
111870.00000000000,5319970.696651461,-14405605.216455335,21485865.894689165
111900.00000000000,5387647.585259993,-14357396.219704699,21501407.995958194
111930.00000000000,5455456.095449422,-14309272.77245366,21516531.35719936
111960.00000000000,5523394.855776427,-14261236.15820009,21531235.689732898
111990.00000000000,5591462.487356781,-14213287.65321343,21545520.71318317
112020.00000000000,5659657.6039185,-14165428.526482714,21559386.1554839
112050.00000000000,5727978.811855656,-14117660.039664738,21572831.75288329
112080.00000000000,5796424.710282414,-14069983.447032612,21585857.24994883
112110.00000000000,5864993.891087202,-14022399.995424807,21598462.399572082
112140.00000000000,5933684.938987654,-13974910.924194332,21610646.962973192
112170.00000000000,6002496.431585329,-13927517.465158466,21622410.709705215
112200.00000000000,6071426.939421314,-13880220.842548681,21633753.4176583
112230.00000000000,6140475.026031621,-13833022.272961086,21644674.87306367
112260.00000000000,6209639.248003321,-13785922.965307083,21655174.870497428
112290.00000000000,6278918.15503083,-13738924.120764442,21665253.21288418
112320.00000000000,6348310.289972362,-13692026.93272886,21674909.711500477
112350.00000000000,6417814.188907036,-13645232.586765613,21684144.185978062
112380.00000000000,6487428.381191917,-13598542.260561895,21692956.464306958
112410.00000000000,6557151.389519704,-13551957.123879272,21701346.382838372
112440.00000000000,6626981.729976381,-13505478.338506708,21709313.786287405
112470.00000000000,6696917.912099551,-13459107.058213763,21716858.52773556
112500.00000000000,6766958.438936683,-13412844.428704403,21723980.468633138
112530.00000000000,6837101.807103918,-13366691.58757098,21730679.478801377
112560.00000000000,6907346.506845138,-13320649.664248712,21736955.43643444
112590.00000000000,6977691.022091147,-13274719.779970536,21742808.22810124
112620.00000000000,7048133.830519401,-13228903.047722287,21748237.74874705
112650.00000000000,7118673.403613746,-13183200.572198378,21753243.90169495
112680.00000000000,7189308.206724748,-13137613.449757716,21757826.59864709
112710.00000000000,7260036.699129935,-13092142.768380176,21761985.759685773
112740.00000000000,7330857.334094752,-13046789.607623314,21765721.313274357
112770.00000000000,7401768.558933329,-13001555.038579607,21769033.196257953
112800.00000000000,7472768.815069825,-12956440.123834038,21771921.353863973
112830.00000000000,7543856.538100077,-12911445.917421993,21774385.739702515
112860.00000000000,7615030.157853174,-12866573.464787785,21776426.315766476
112890.00000000000,7686288.098453737,-12821823.802743271,21778043.05243158
112920.00000000000,7757628.778384047,-12777197.95942723,21779235.9284562
112950.00000000000,7829050.610546782,-12732696.954264792,21780004.930980965
112980.00000000000,7900552.002327722,-12688321.797927551,21780350.055528205
113010.00000000000,7972131.355658861,-12644073.492293982,21780271.30600124
113040.00000000000,8043787.067081863,-12599953.030410178,21779768.69468345
113070.00000000000,8115517.527811397,-12555961.396451248,21778842.24223721
113100.00000000000,8187321.123799199,-12512099.5656828,21777491.977702554
113130.00000000000,8259196.235797914,-12468368.504423214,21775717.938495778
113160.00000000000,8331141.239425579,-12424769.170005934,21773520.17040779
113190.00000000000,8403154.505229983,-12381302.510742592,21770898.727602277
113220.00000000000,8475234.398753587,-12337969.465886166,21767853.672613714
113250.00000000000,8547379.28059836,-12294770.965594884,21764385.076345216
113280.00000000000,8619587.506491039,-12251707.930896353,21760493.01806612
113310.00000000000,8691857.427348666,-12208781.27365214,21756177.58540952
113340.00000000000,8764187.389344046,-12165991.896522924,21751438.874369487
113370.00000000000,8836575.7339718,-12123340.692933848,21746276.989298232
113400.00000000000,8909020.798114287,-12080828.547040543,21740692.04290296
113430.00000000000,8981520.914108053,-12038456.333695369,21734684.1562427
113460.00000000000,9054074.40981016,-11996224.918414267,21728253.458724782
113490.00000000000,9126679.608665021,-11954135.157343924,21721400.088101283
113520.00000000000,9199334.829771223,-11912187.897229446,21714124.190465238
113550.00000000000,9272038.387948632,-11870383.975382451,21706425.92024661
113580.00000000000,9344788.593805775,-11828724.219649523,21698305.440208204
113610.00000000000,9417583.753807155,-11787209.448381335,21689762.921441313
113640.00000000000,9490422.17034113,-11745840.47040186,21680798.5433612
113670.00000000000,9563302.141787559,-11704618.084978435,21671412.49370244
113700.00000000000,9636221.962586036,-11663543.08179187,21661604.968514036
113730.00000000000,9709179.92330398,-11622616.240907323,21651376.172154374
113760.00000000000,9782174.310705058,-11581838.332745489,21640726.31728605
113790.00000000000,9855203.407817822,-11541210.118054135,21629655.624870423
113820.00000000000,9928265.49400433,-11500732.347880358,21618164.324162066
113850.00000000000,10001358.84502921,-11460405.763542954,21606252.652703017
113880.00000000000,10074481.733128523,-11420231.096605578,21593920.85631686
113910.00000000000,10147632.427079216,-11380209.068850067,21581169.18910262
113940.00000000000,10220809.192268321,-11340340.392250432,21567997.913428463
113970.00000000000,10294010.290762598,-11300625.768947203,21554407.299925286
114000.00000000000,10367233.981378244,-11261065.891222173,21540397.627480052
114030.00000000000,10440478.519750636,-11221661.44147381,21525969.183229018
114060.00000000000,10513742.158404432,-11182413.092192832,21511122.2625507
114090.00000000000,10587023.146823565,-11143321.505938571,21495857.16905878
114120.00000000000,10660319.73152168,-11104387.335315464,21480174.214594763
114150.00000000000,10733630.15611232,-11065611.222950336,21464073.719220426
114180.00000000000,10806952.661379712,-11026993.801469795,21447556.011210218
114210.00000000000,10880285.485349154,-10988535.693478452,21430621.427043334
114240.00000000000,10953626.863357998,-10950237.51153734,21413270.31139574
114270.00000000000,11026975.028126527,-10912099.858142849,21395503.017131954
114300.00000000000,11100328.209828854,-10874123.3257063,21377319.90529669
114330.00000000000,11173684.636164285,-10836308.496533664,21358721.34510629
114360.00000000000,11247042.532428332,-10798655.942806136,21339707.713940013
114390.00000000000,11320400.1215843,-10761166.226560788,21320279.39733117
114420.00000000000,11393755.624334548,-10723839.899672072,21300436.78895805
114450.00000000000,11467107.259192292,-10686677.503833404,21280180.290634673
114480.00000000000,11540453.242553044,-10649679.570539575,21259510.31230139
114510.00000000000,11613791.788766537,-10612846.62106943,21238427.272015348
114540.00000000000,11687121.110208578,-10576179.166468963,21216931.595940698
114570.00000000000,11760439.417352896,-10539677.70753518,21195023.718338702
114600.00000000000,11833744.918843335,-10503342.73480001,21172704.081557628
114630.00000000000,11907035.821565818,-10467174.728515165,21149973.136022534
114660.00000000000,11980310.330720693,-10431174.158636987,21126831.340224814
114690.00000000000,12053566.64989491,-10395341.484812215,21103279.160711616
114720.00000000000,12126802.981134389,-10359677.156363918,21079317.07207507
114750.00000000000,12200017.525016543,-10324181.612277988,21054945.55694137
114780.00000000000,12273208.480722602,-10288855.281190258,21030165.105959687
114810.00000000000,12346374.046110354,-10253698.581373787,21004976.217790876
114840.00000000000,12419512.417786567,-10218711.920727007,20979379.39909606
114870.00000000000,12492621.791179841,-10183895.69676198,20953375.164525043
114900.00000000000,12565700.360613205,-10149250.29659341,20926964.03670452
114930.00000000000,12638746.319376962,-10114776.096927935,20900146.54622617
114960.00000000000,12711757.859801494,-10080473.464054065,20872923.231634542
114990.00000000000,12784733.173330095,-10046342.75383252,20845294.639414806
115020.00000000000,12857670.450591994,-10012384.311686918,20817261.323980313
115050.00000000000,12930567.881475117,-9978598.472595284,20788823.847660013
115080.00000000000,13003423.6551993,-9944985.561081585,20759982.780685697
115110.00000000000,13076235.960389039,-9911545.89120825,20730738.701179095
115140.00000000000,13149002.985146798,-9878279.766568646,20701092.19513875
115170.00000000000,13221722.91712585,-9845187.480280505,20671043.856426816
115200.00000000000,13294393.943603517,-9812269.314979484,20640594.286755644
115230.00000000000,13367014.251554148,-9779525.542813439,20609744.095674187
115260.00000000000,13439582.027722344,-9746956.425437037,20578493.9005543
115290.00000000000,13512095.458696056,-9714562.214006856,20546844.326576818
115320.00000000000,13584552.730979666,-9682343.149177132,20514796.006717537
115350.00000000000,13656952.031067215,-9650299.461095706,20482349.581732973
115380.00000000000,13729291.545515459,-9618431.36940075,20449505.700145986
115410.00000000000,13801569.461017122,-9586739.083217714,20416265.018231288
115440.00000000000,13873783.9644739,-9555222.801156968,20382628.2000007
115470.00000000000,13945933.243069662,-9523882.71131181,20348595.917188328
115500.00000000000,14018015.484343622,-9492718.99125686,20314168.84923556
115530.00000000000,14090028.87626329,-9461731.808047254,20279347.68327589
115560.00000000000,14161971.60729773,-9430921.318217892,20244133.11411958
115590.00000000000,14233841.866490461,-9400287.66778361,20208525.844238214
115620.00000000000,14305637.843532614,-9369830.992239388,20172526.583749037
115650.00000000000,14377357.728835862,-9339551.416561466,20136136.050399188
115680.00000000000,14448999.71360544,-9309449.055208607,20099354.9695497
115710.00000000000,14520561.989913117,-9279524.012123954,20062184.074159455
115740.00000000000,14592042.750769988,-9249776.380737532,20024624.104768917
115770.00000000000,14663440.190199487,-9220206.243968846,19986675.80948368
115800.00000000000,14734752.503310073,-9190813.674230456,19948339.94395796
115830.00000000000,14805977.886368103,-9161598.733431518,19909617.271377847
115860.00000000000,14877114.536870493,-9132561.47298222,19870508.562444434
115890.00000000000,14948160.653617412,-9103701.933798421,19831014.59535682
115920.00000000000,15019114.436784873,-9075020.146306988,19791136.155794896
115950.00000000000,15089974.08799733,-9046516.130451329,19750874.036902077
115980.00000000000,15160737.810400099,-9018189.895697728,19710229.039267786
116010.00000000000,15231403.808731789,-8990041.441041963,19669201.97090984
116040.00000000000,15301970.28939672,-8962070.755016312,19627793.647256702
116070.00000000000,15372435.460537128,-8934277.815697335,19586004.89112951
116100.00000000000,15442797.532105386,-8906662.590713786,19543836.532724056
116130.00000000000,15513054.715936128,-8879225.037255323,19501289.409592535
116160.00000000000,15583205.22581828,-8851965.102081377,19458364.366625216
116190.00000000000,15653247.277566992,-8824882.72153081,19415062.256031886
116220.00000000000,15723179.089095542,-8797977.82153177,19371383.937323213
116250.00000000000,15792998.8804871,-8771250.317612141,19327330.27729196
116280.00000000000,15862704.874066314,-8744700.114910576,19282902.149994016
116310.00000000000,15932295.294471048,-8718327.108187683,19238100.436729297
116340.00000000000,16001768.368723676,-8692131.181838114,19192926.026022527
116370.00000000000,16071122.326302573,-8666112.20990267,19147379.813603863
116400.00000000000,16140355.399213359,-8640270.056081235,19101462.702389304
116430.00000000000,16209465.822059918,-8614604.573746067,19055175.60246115
116460.00000000000,16278451.832115687,-8589115.605955325,19008519.43104808
116490.00000000000,16347311.669394271,-8563802.985467529,18961495.112505253
116520.00000000000,16416043.576720491,-8538666.534755962,18914103.578294214
116550.00000000000,16484645.79980086,-8513706.066024058,18866345.766962666
116580.00000000000,16553116.587294297,-8488921.381220724,18818222.624124095
116610.00000000000,16621454.19088236,-8464312.272056637,18769735.10243726
116640.00000000000,16689656.865339737,-8439878.520020522,18720884.161585547
116670.00000000000,16757722.868604165,-8415619.896396363,18671670.76825621
116700.00000000000,16825650.461846583,-8391536.162280679,18622095.896119393
116730.00000000000,16893437.909540996,-8367627.068600391,18572160.52580713
116760.00000000000,16961083.479534075,-8343892.356131355,18521865.64489212
116790.00000000000,17028585.443114866,-8320331.755516952,18471212.2478664
116820.00000000000,17095942.075084046,-8296944.987287569,18420201.33611991
116850.00000000000,17163151.653823398,-8273731.761880069,18368833.917918827
116880.00000000000,17230212.46136466,-8250691.779658261,18317111.008383915
116910.00000000000,17297122.783458687,-8227824.730933233,18265033.62946861
116940.00000000000,17363880.909644127,-8205130.295984624,18212602.809936993
116970.00000000000,17430485.13331601,-8182608.145082154,18159819.585341755
117000.00000000000,17496933.751794267,-8160257.938507422,18106684.998001862
117030.00000000000,17563225.066391915,-8138079.3265765775,18053200.09698016
117060.00000000000,17629357.382483255,-8116071.949662957,17999365.93806091
117090.00000000000,17695329.009571657,-8094235.438220637,17945183.583727065
117120.00000000000,17761138.261357434,-8072569.412807971,17890654.10313757
117150.00000000000,17826783.45580528,-8051073.484111982,17835778.572104365
117180.00000000000,17892262.915211633,-8029747.252972975,17780558.073069453
117210.00000000000,17957574.966271967,-8008590.310409478,17724993.69508164
117240.00000000000,18022717.94014764,-7987602.237643985,17669086.533773288
117270.00000000000,18087690.17253272,-7966782.606128769,17612837.69133694
117300.00000000000,18152490.003720578,-7946130.977572414,17556248.276501704
117330.00000000000,18217115.77867028,-7925646.903966503,17499319.40450964
117360.00000000000,18281565.84707269,-7905329.927613098,17442052.197091967
117390.00000000000,18345838.56341656,-7885179.581152199,17384447.78244514
117420.00000000000,18409932.287054133,-7865195.387590144,17326507.295206852
117450.00000000000,18473845.38226683,-7845376.860328006,17268231.8764318
117480.00000000000,18537576.21833053,-7825723.503190581,17209622.673567504
117510.00000000000,18601123.16958057,-7806234.810456005,17150680.840429865
117540.00000000000,18664484.61547686,-7786910.266885322,17091407.537178636
117570.00000000000,18727658.940668285,-7767749.347753065,17031803.93029283
117600.00000000000,18790644.535057373,-7748751.5188776385,16971871.192545917
117630.00000000000,18853439.793864287,-7729916.236652767,16911610.50298098
117660.00000000000,18916043.117691003,-7711242.948078705,16851023.04688575
117690.00000000000,18978452.912584852,-7692731.09079447,16790110.01576744
117720.00000000000,19040667.590102136,-7674380.093110093,16728872.607327592
117750.00000000000,19102685.567371413,-7656189.374039274,16667312.025436664
117780.00000000000,19164505.26715634,-7638158.343332924,16605429.480108676
117810.00000000000,19226125.117918648,-7620286.401512364,16543226.187475557
117840.00000000000,19287543.55388049,-7602572.939903708,16480703.369761502
117870.00000000000,19348759.015086804,-7585017.34067203,16417862.25525722
117900.00000000000,19409769.94746729,-7567618.976856334,16354704.078293934
117930.00000000000,19470574.80289811,-7550377.212404831,16291230.079217495
117960.00000000000,19531172.03926352,-7533291.402210345,16227441.50436214
117990.00000000000,19591560.12051694,-7516360.892146695,16163339.60602434
118020.00000000000,19651737.516742025,-7499585.0191048,16098925.642436419
118050.00000000000,19711702.704213303,-7482963.111029828,16034200.877740107
118080.00000000000,19771454.16545665,-7466494.48695812,15969166.581959987
118110.00000000000,19830990.38930941,-7450178.457055097,15903824.030976828
118140.00000000000,19890309.870980226,-7434014.322653154,15838174.506500829
118170.00000000000,19949411.112108804,-7418001.376289957,15772219.2960447
118200.00000000000,20008292.62082503,-7402138.90174751,15705959.692896716
118230.00000000000,20066952.911808167,-7386426.174091032,15639396.996093608
118260.00000000000,20125390.506345473,-7370862.459708815,15572532.510393387
118290.00000000000,20183603.9323908,-7355447.016351914,15505367.546248056
118320.00000000000,20241591.724622644,-7340179.093174724,15437903.419776192
118350.00000000000,20299352.424502138,-7325057.93077541,15370141.45273544
118380.00000000000,20356884.580330543,-7310082.761237297,15302082.972494947
118410.00000000000,20414186.74730654,-7295252.808170056,15233729.31200768
118440.00000000000,20471257.48758335,-7280567.2867517155,15165081.809782537
118470.00000000000,20528095.370325204,-7266025.403770846,15096141.809856554
118500.00000000000,20584698.971763927,-7251626.357668959,15026910.661766862
118530.00000000000,20641066.875254866,-7237369.338583715,14957389.720522577
118560.00000000000,20697197.671332743,-7223253.528391943,14887580.346576652
118590.00000000000,20753089.95776703,-7209278.100753598,14817483.905797577
118620.00000000000,20808742.339617193,-7195442.221155452,14747101.76944098
118650.00000000000,20864153.42928738,-7181745.046955784,14676435.314121192
118680.00000000000,20919321.846581038,-7168185.727428965,14605485.921782637
118710.00000000000,20974246.218755044,-7154763.403810447,14534254.979671178
118740.00000000000,21028925.180573504,-7141477.209342498,14462743.880305417
118770.00000000000,21083357.374361444,-7128326.2693196405,14390954.02144778
118800.00000000000,21137542.068594944,-7115308.760254018,14318886.044987522
118830.00000000000,21191476.678005226,-7102425.676648039,14246542.881592339
118860.00000000000,21245160.49228566,-7089675.176149028,14173925.183157131
118890.00000000000,21298592.184535023,-7077056.352724068,14101034.36812696
118920.00000000000,21351770.43567558,-7064568.292626781,14027871.86004516
118950.00000000000,21404693.934504665,-7052210.074445032,13954439.087523945
118980.00000000000,21457361.377745744,-7039980.769149369,13880737.484214999
119010.00000000000,21509771.47009943,-7027879.440141281,13806768.48877978
119040.00000000000,21561922.92429384,-7015905.143302231,13732533.544860058
119070.00000000000,21613814.46113484,-7004056.927042576,13658034.101048095
119100.00000000000,21665444.809555847,-6992333.832351286,13583271.610856825
119130.00000000000,21716812.706667192,-6980734.892845696,13508247.532690052
119160.00000000000,21767916.89780539,-6969259.134821438,13432963.329812372
119190.00000000000,21818756.13658176,-6957905.577303149,13357420.470319193
119220.00000000000,21869329.1849308,-6946673.232095166,13281620.427106628
119250.00000000000,21919634.813158378,-6935561.103832342,13205564.677841153
119280.00000000000,21969671.799989223,-6924568.190031806,13129254.704929464
119310.00000000000,22019438.93261431,-6913693.481144433,13052691.995488057
119340.00000000000,22068935.006737832,-6902935.960606865,12975878.041312689
119370.00000000000,22118158.82662372,-6892294.604893763,12898814.33884802
119400.00000000000,22167109.205141906,-6881768.383570524,12821502.389156858
119430.00000000000,22215784.963814124,-6871356.259346106,12743943.697889535
119460.00000000000,22264184.93285937,-6861057.188126144,12666139.775253236
119490.00000000000,22312307.951239035,-6850870.1190665625,12588092.135981005
119520.00000000000,22360152.86670156,-6840793.9946272895,12509802.299301006
119550.00000000000,22407718.53582682,-6830827.750626328,12431271.788905444
119580.00000000000,22455003.82407008,-6820970.316293999,12352502.132919589
119610.00000000000,22502007.605805553,-6811220.614327729,12273494.86387059
119640.00000000000,22548728.7643696,-6801577.560946922,12194251.518656343
119670.00000000000,22595166.19210352,-6792040.065947992,12114773.63851425
119700.00000000000,22641318.790396024,-6782607.032760014,12035062.768989783
119730.00000000000,22687185.46972519,-6773277.358500425,11955120.459905235
119760.00000000000,22732765.1497002,-6764049.93403086,11874948.265328184
119790.00000000000,22778056.759102516,-6754923.644013631,11794547.74353992
119820.00000000000,22823059.23592677,-6745897.366968173,11713920.457003962
119850.00000000000,22867771.527421243,-6736969.975327831,11633067.972334253
119880.00000000000,22912192.590127893,-6728140.335496874,11551991.86026361
119910.00000000000,22956321.38992206,-6719407.307907941,11470693.695611803
119940.00000000000,23000156.90205172,-6710769.747079525,11389175.057253728
119970.00000000000,23043698.11117638,-6702226.50167369,11307437.52808753
120000.00000000000,23086944.011405516,-6693776.414554331,11225482.69500256
120030.00000000000,23129893.606336623,-6685418.3228453975,11143312.148847438
120060.00000000000,23172545.9090929,-6677151.057989466,11060927.484397866
120090.00000000000,23214899.94236055,-6668973.445806402,10978330.3003245
120120.00000000000,23256954.73842551,-6660884.30655263,10895522.199160747
120150.00000000000,23298709.339209948,-6652882.454980291,10812504.787270466
120180.00000000000,23340162.796308305,-6644966.700396641,10729279.674815685
120210.00000000000,23381314.171022866,-6637135.846723973,10645848.475724138
120240.00000000000,23422162.534398958,-6629388.692559502,10562212.807656875
120270.00000000000,23462706.96725975,-6621724.031235417,10478374.29197576
120300.00000000000,23502946.560240597,-6614140.650879525,10394334.553710895
120330.00000000000,23542880.41382297,-6606637.334475716,10310095.221528042
120360.00000000000,23582507.638368037,-6599212.859924887,10225657.927695936
120390.00000000000,23621827.354149707,-6591866.00010582,10141024.308053566
120420.00000000000,23660838.69138736,-6584595.522936701,10056196.001977453
120450.00000000000,23699540.79027805,-6577400.191436483,9971174.652348803
120480.00000000000,23737932.80102844,-6570278.763786406,9885961.905520638
120510.00000000000,23776013.88388606,-6563229.993392181,9800559.41128494
120540.00000000000,23813783.20917046,-6556252.628945848,9714968.822839573
120570.00000000000,23851239.957303636,-6549345.414488044,9629191.796755413
120600.00000000000,23888383.318840235,-6542507.0894706175,9543229.992943168
120630.00000000000,23925212.4944972,-6535736.388819193,9457085.074620372
120660.00000000000,23961726.69518307,-6529032.042996038,9370758.708278146
120690.00000000000,23997925.142026816,-6522392.778063009,9284252.563648095
120720.00000000000,24033807.0664062,-6515817.315744928,9197568.313669
120750.00000000000,24069371.70997578,-6509304.373492933,9110707.634453585
120780.00000000000,24104618.324694447,-6502852.664547855,9023672.205255162
120810.00000000000,24139546.1728525,-6496460.898004219,8936463.708434224
120840.00000000000,24174154.527098272,-6490127.778874105,8849083.829425171
120870.00000000000,24208442.670464415,-6483852.008151022,8761534.25670273
120900.00000000000,24242409.89639367,-6477632.282874427,8673816.681748496
120930.00000000000,24276055.508764125,-6471467.296194005,8585932.799017478
120960.00000000000,24309378.821914215,-6465355.737434259,8497884.305904422
120990.00000000000,24342379.16066714,-6459296.292159139,8409672.902710335
121020.00000000000,24375055.86035485,-6453287.64223711,8321300.292608722
121050.00000000000,24407408.266841657,-6447328.465906076,8232768.181611987
121080.00000000000,24439435.736547377,-6441417.437838445,8144078.27853771
121110.00000000000,24471137.636469934,-6435553.229206665,8055232.294974863
121140.00000000000,24502513.344207667,-6429734.507748552,7966231.9452500725
121170.00000000000,24533562.24798106,-6423959.937832987,7877078.94639383
121200.00000000000,24564283.746654205,-6418228.180525415,7787775.018106542
121230.00000000000,24594677.24975552,-6412537.89365403,7698321.882724751
121260.00000000000,24624742.177498285,-6406887.731875661,7608721.265187231
121290.00000000000,24654477.96080068,-6401276.346741691,7518974.893000955
121320.00000000000,24683884.041305274,-6395702.386764621,7429084.496207186
121350.00000000000,24712959.871398058,-6390164.49748435,7339051.8073475445
121380.00000000000,24741704.91422723,-6384661.321534428,7248878.56142984
121410.00000000000,24770118.643721286,-6379191.498709011,7158566.495894123
121440.00000000000,24798200.544606756,-6373753.666029362,7068117.350578567
121470.00000000000,24825950.112425502,-6368346.457810791,6977532.86768539
121500.00000000000,24853366.853551637,-6362968.505729361,6886814.791746646
121530.00000000000,24880450.285207726,-6357618.438889271,6795964.869590202
121560.00000000000,24907199.93548084,-6352294.883889767,6704984.850305412
121590.00000000000,24933615.34333801,-6346996.464892299,6613876.485208995
121620.00000000000,24959696.058641173,-6341721.8036881015,6522641.527810803
121650.00000000000,24985441.64216177,-6336469.519765429,6431281.733779556
121680.00000000000,25010851.665594835,-6331238.230377151,6339798.860908564
121710.00000000000,25035925.71157266,-6326026.550608187,6248194.669081475
121740.00000000000,25060663.37367795,-6320833.093443399,6156470.920237898
121770.00000000000,25085064.25645649,-6315656.469835296,6064629.378339191
121800.00000000000,25109127.975429587,-6310495.288771615,5972671.809333933
121830.00000000000,25132854.15710568,-6305348.1573436055,5880599.981123749
121860.00000000000,25156242.4389918,-6300213.680813792,5788415.663528786
121890.00000000000,25179292.469604462,-6295090.462683921,5696120.628253398
121920.00000000000,25202003.90848004,-6289977.104763316,5603716.648851688
121950.00000000000,25224376.42618478,-6284872.207236931,5511205.500693104
121980.00000000000,25246409.70432433,-6279774.368733427,5418588.9609279875
122010.00000000000,25268103.435552746,-6274682.186393713,5325868.808453094
122040.00000000000,25289457.323581107,-6269594.255939108,5233046.823877135
122070.00000000000,25310471.08318563,-6264509.171739855,5140124.789486354
122100.00000000000,25331144.440215435,-6259425.526883282,5047104.489209909
122130.00000000000,25351477.131599575,-6254341.913242644,4953987.708585508
122160.00000000000,25371468.905353967,-6249256.92154542,4860776.2347247675
122190.00000000000,25391119.520587593,-6244169.141441783,4767471.856278791
122220.00000000000,25410428.74750834,-6239077.161573437,4674076.36340357
122250.00000000000,25429396.36742838,-6233979.569642044,4580591.547725469
122280.00000000000,25448022.17276904,-6228874.952477997,4487019.202306705
122310.00000000000,25466305.967065338,-6223761.896108832,4393361.1216106815
122340.00000000000,25484247.564969886,-6218638.985828298,4299619.101467595
122370.00000000000,25501846.792256434,-6213504.806264837,4205794.939039704
122400.00000000000,25519103.215977613,-6208358.909458602,4111891.662791868
122430.00000000000,25536017.22779908,-6203197.9432739,4017908.614522856
122460.00000000000,25552588.41308984,-6198021.458392783,3923848.8230808657
122490.00000000000,25568816.64213418,-6192828.03747011,3829714.090610911
122520.00000000000,25584701.796348225,-6187616.2628392335,3735506.220417256
122550.00000000000,25600243.768280793,-6182384.716580653,3641227.0169288553
122580.00000000000,25615442.461613584,-6177131.980590986,3546878.2856646874
122610.00000000000,25630297.791161083,-6171856.636651676,3452461.8331992724
122640.00000000000,25644809.682869967,-6166557.266497563,3357979.4671280184
122670.00000000000,25658978.073817953,-6161232.451885898,3263432.9960326464
122700.00000000000,25672802.912212353,-6155880.774664907,3168824.2294466114
122730.00000000000,25686284.15738797,-6150500.816842623,3074154.9778205813
122760.00000000000,25699421.7798048,-6145091.160655339,2979427.052487749
122790.00000000000,25712215.761044957,-6139650.388636598,2884642.2656293497
122820.00000000000,25724666.093809415,-6134177.083685724,2789802.4302400863
122850.00000000000,25736772.78191416,-6128669.829136217,2694909.3600934814
122880.00000000000,25748535.840285875,-6123127.208824722,2599964.869707433
122910.00000000000,25759955.294957228,-6117547.807159355,2504970.7743096165
122940.00000000000,25771031.18306168,-6111930.209188291,2409928.8898029067
122970.00000000000,25781763.552827794,-6106273.00066813,2314841.032730953
123000.00000000000,25792152.46357324,-6100574.768132494,2219709.02024345
123030.00000000000,25802197.985698014,-6094834.098960406,2124534.6700618677
123060.00000000000,25811900.200677693,-6089049.581444405,2029319.800444741
123090.00000000000,25821259.20105574,-6083219.804859178,1934066.2301533257
123120.00000000000,25830275.09043571,-6077343.35952957,1838775.7784169414
123150.00000000000,25838947.983472824,-6071418.836898715,1743450.2648986639
123180.00000000000,25847278.005865134,-6065444.829596404,1648091.509660793
123210.00000000000,25855265.294344272,-6059419.931506914,1552701.3331303599
123240.00000000000,25862909.996665664,-6053342.737837141,1457281.556064759
123270.00000000000,25870212.27159843,-6047211.845184303,1361833.999517278
123300.00000000000,25877172.288914643,-6041025.851604101,1266360.4848027516
123330.00000000000,25883790.22937836,-6034783.356678296,1170862.8334630595
123360.00000000000,25890066.284734,-6028482.961582313,1075342.8672328494
123390.00000000000,25896000.6576944,-6022123.269153136,979802.4080051604
123420.00000000000,25901593.561928395,-6015702.883956615,884243.277797032
123450.00000000000,25906845.22204791,-6009220.41235505,788667.2987152362
123480.00000000000,25911755.873594716,-6002674.462574318,693076.2929219115
123510.00000000000,25916325.76302655,-5996063.644771444,597472.0826003272
123540.00000000000,25920555.147702996,-5989386.571101641,501856.48992061336
123570.00000000000,25924444.295870837,-5982641.855785208,406231.337005466
123600.00000000000,25927993.486648858,-5975828.11517479,310598.44589595014
123630.00000000000,25931203.010012433,-5968943.967822134,214959.63851730654
123660.00000000000,25934073.166777484,-5961988.034544682,119316.73664475474
123690.00000000000,25936604.26858404,-5954958.938492509,23671.56186932171
123720.00000000000,25938796.637879424,-5947855.30521472,-71974.06443629095
123750.00000000000,25940650.607900962,-5940675.762725754,-167618.3211518065
123780.00000000000,25942166.522658195,-5933418.941571965,-263259.38744345965
123810.00000000000,25943344.73691474,-5926083.47489761,-358895.44279808854
123840.00000000000,25944185.616169702,-5918667.998511027,-454524.6670571543
123870.00000000000,25944689.536638618,-5911171.150950358,-550145.240450774
123900.00000000000,25944856.885233957,-5903591.573549681,-645755.3436316703
123930.00000000000,25944688.059545252,-5895927.910504525,-741353.1577091637
123960.00000000000,25944183.467818744,-5888178.808937276,-836936.8642830786
123990.00000000000,25943343.52893659,-5880342.918962875,-932504.6454776622
124020.00000000000,25942168.67239572,-5872418.8937539,-1028054.6839754462
124050.00000000000,25940659.338286143,-5864405.389605782,-1123585.16305109
124080.00000000000,25938815.97726896,-5856301.066001568,-1219094.266605253
124110.00000000000,25936639.050553836,-5848104.585677115,-1314580.1791982532
124140.00000000000,25934129.029876065,-5839814.614685573,-1410041.086083908
124170.00000000000,25931286.397473346,-5831429.822461769,-1505475.1732432612
124200.00000000000,25928111.64606193,-5822948.881886911,-1600880.627418204
124230.00000000000,25924605.27881246,-5814370.469352609,-1696255.6361451987
124260.00000000000,25920767.809325468,-5805693.264824836,-1791598.3877888448
124290.00000000000,25916599.761606205,-5796915.951908081,-1886907.0715754787
124320.00000000000,25912101.67003934,-5788037.217908865,-1982179.8776267623
124350.00000000000,25907274.079363048,-5779055.753899425,-2077414.9969931468
124380.00000000000,25902117.544642773,-5769970.254780913,-2172610.6216873415
124410.00000000000,25896632.63124453,-5760779.419346834,-2267764.944717848
124440.00000000000,25890819.914807793,-5751481.950346004,-2362876.16012225
124470.00000000000,25884679.98121809,-5742076.554545242,-2457942.463000635
124500.00000000000,25878213.426578935,-5732561.942792235,-2552962.0495490176
124530.00000000000,25871420.857183643,-5722936.830077994,-2647933.11709244
124560.00000000000,25864302.88948651,-5713199.935599147,-2742853.8641183255
124590.00000000000,25856860.15007375,-5703349.982819822,-2837722.4903097823
124620.00000000000,25849093.27563389,-5693385.699533988,-2932537.1965785474
124650.00000000000,25841002.912927836,-5683305.8179268455,-3027296.185098389
124680.00000000000,25832589.71875859,-5673109.074636377,-3121997.6593379686
124710.00000000000,25823854.35994039,-5662794.210814824,-3216639.824094048
124740.00000000000,25814797.513267655,-5652359.972189756,-3311220.885524388
124770.00000000000,25805419.865483448,-5641805.1091248095,-3405739.051180754
124800.00000000000,25795722.113247436,-5631128.37668065,-3500192.5300418544
124830.00000000000,25785704.96310363,-5620328.53467536,-3594579.5325461947
124860.00000000000,25775369.131447688,-5609404.347744551,-3688898.270624934
124890.00000000000,25764715.34449371,-5598354.5854017865,-3783146.957734576
124920.00000000000,25753744.33824079,-5587178.022098111,-3877323.8088899003
124950.00000000000,25742456.85843906,-5575873.437281904,-3971427.040696443
124980.00000000000,25730853.66055551,-5564439.615458073,-4065454.871383237
125010.00000000000,25718935.509739164,-5552875.346247384,-4159405.520835537
125040.00000000000,25706703.18078618,-5541179.424445488,-4253277.210627127
125070.00000000000,25694157.458104283,-5529350.650081344,-4347068.164053008
125100.00000000000,25681299.135677066,-5517387.828476071,-4440776.6061617965
125130.00000000000,25668129.017027665,-5505289.770300952,-4534400.763788147
125160.00000000000,25654647.91518229,-5493055.291635604,-4627938.865585107
125190.00000000000,25640856.652633253,-5480683.214025615,-4721389.142056325
125220.00000000000,25626756.0613016,-5468172.364540163,-4814749.825588594
125250.00000000000,25612346.982499428,-5455521.575829457,-4908019.150483653
125280.00000000000,25597630.266891915,-5442729.686181413,-5001195.3529906925
125310.00000000000,25582606.774458732,-5429795.539578836,-5094276.671338261
125340.00000000000,25567277.374455303,-5416717.985755788,-5187261.345766421
125370.00000000000,25551642.94537374,-5403495.880253807,-5280147.618558637
125400.00000000000,25535704.374903124,-5390128.084478142,-5372933.734073821
125430.00000000000,25519462.55988978,-5376613.46575339,-5465617.93877819
125460.00000000000,25502918.406296913,-5362950.89737913,-5558198.481277059
125490.00000000000,25486072.82916407,-5349139.258684928,-5650673.612346692
125520.00000000000,25468926.75256613,-5335177.435085683,-5743041.584965973
125550.00000000000,25451481.109571986,-5321064.318136168,-5835300.65434809
125580.00000000000,25433736.842202928,-5306798.805585336,-5927449.077972189
125610.00000000000,25415694.90139053,-5292379.801430884,-6019485.115614787
125640.00000000000,25397356.246934336,-5277806.2159728,-6111407.029381507
125670.00000000000,25378721.847459115,-5263076.96586724,-6203213.0837383205
125700.00000000000,25359792.68037183,-5248190.97417967,-6294901.545542975
125730.00000000000,25340569.7318182,-5233147.170438168,-6386470.684076397
125760.00000000000,25321053.996638928,-5217944.4906861475,-6477918.771073833
125790.00000000000,25301246.47832569,-5202581.877534653,-6569244.080756192
125820.00000000000,25281148.18897664,-5187058.28021498,-6660444.889861028
125850.00000000000,25260760.149251644,-5171372.6546303155,-6751519.477673793
125880.00000000000,25240083.388327274,-5155523.963407404,-6842466.126058722
125910.00000000000,25219118.943851244,-5139511.175947993,-6933283.119489945
125940.00000000000,25197867.861896805,-5123333.26848001,-7023968.74508214
125970.00000000000,25176331.19691655,-5106989.224107868,-7114521.292621706
126000.00000000000,25154509.769473158,-5090477.01345888,-7204940.312587599
126030.00000000000,25132405.132317618,-5073797.671584662,-7295221.583888697
126060.00000000000,25110018.12531489,-5056949.183839394,-7385364.662818774
126090.00000000000,25087349.83596716,-5039930.561336013,-7475367.850157085
126120.00000000000,25064401.35992079,-5022740.8223135555,-7565229.449507645
126150.00000000000,25041173.8009182,-5005378.992186198,-7654947.767329748
126180.00000000000,25017668.270749673,-4987844.103591681,-7744521.112968217
126210.00000000000,24993885.88920466,-4970135.196439636,-7833947.798683956
126240.00000000000,24969827.78402284,-4952251.317959845,-7923226.139683965
126270.00000000000,24945495.09084492,-4934191.52274958,-8012354.454151691
126300.00000000000,24920888.953163076,-4915954.872821107,-8101331.06327711
126330.00000000000,24896010.52227105,-4897540.437648883,-8190154.291286747
126360.00000000000,24870860.957214087,-4878947.294216009,-8278822.465473701
126390.00000000000,24845441.424738433,-4860174.52706073,-8367333.91622756
126420.00000000000,24819753.09924059,-4841221.228322691,-8455686.977064217
126450.00000000000,24793797.16271632,-4822086.497788338,-8543879.984655729
126480.00000000000,24767574.804709285,-4802769.442936572,-8631911.278859949
126510.00000000000,24741087.222259443,-4783269.178983737,-8719779.202750187
126540.00000000000,24714335.619851135,-4763584.828928499,-8807482.10264481
126570.00000000000,24687321.20936091,-4743715.523596057,-8895018.328136712
126600.00000000000,24660045.210005056,-4723660.401682287,-8982386.23212276
126630.00000000000,24632508.848286826,-4703418.609797623,-9069584.170833185
126660.00000000000,24604713.357943445,-4682989.302510269,-9156610.50386076
126690.00000000000,24576659.97989279,-4662371.642389296,-9243463.594190113
126720.00000000000,24548349.9621798,-4641564.800047499,-9330141.808226852
126750.00000000000,24519784.55992265,-4620567.954183536,-9416643.515826588
126780.00000000000,24490965.035258632,-4599380.291624032,-9502967.090324014
126810.00000000000,24461892.657289747,-4578001.007365449,-9589110.90856168
126840.00000000000,24432568.702028103,-4556429.30461508,-9675073.350918973
126870.00000000000,24402994.452340998,-4534664.3948321445,-9760852.801340872
126900.00000000000,24373171.197895657,-4512705.497768621,-9846447.647366514
126930.00000000000,24343100.235103983,-4490551.84150909,-9931856.28015804
126960.00000000000,24312782.867066734,-4468202.662510948,-10017077.09452888
126990.00000000000,24282220.403517623,-4445657.2056439435,-10102108.48897243
127020.00000000000,24251414.160767198,-4422914.724229163,-10186948.865690324
127050.00000000000,24220365.461646356,-4399974.480077965,-10271596.630620806
127080.00000000000,24189075.635449663,-4376835.743530602,-10356050.193466902
127110.00000000000,24157546.01787847,-4353497.793493992,-10440307.967724668
127140.00000000000,24125777.950983763,-4329959.917479623,-10524368.370711215
127170.00000000000,24093772.783108696,-4306221.411641062,-10608229.82359267
127200.00000000000,24061531.868831057,-4282281.580810633,-10691890.751412211
127230.00000000000,24029056.568905383,-4258139.738536286,-10775349.583117774
127260.00000000000,23996348.250204787,-4233795.207117677,-10858604.751589939
127290.00000000000,23963408.28566272,-4209247.317642248,-10941654.693669563
127320.00000000000,23930238.05421442,-4184495.4100205284,-11024497.850185368
127350.00000000000,23896838.940738108,-4159538.8330213362,-11107132.665981451
127380.00000000000,23863212.33599598,-4134376.9443066437,-11189557.589944795
127410.00000000000,23829359.636575088,-4109009.1104657566,-11271771.075032547
127440.00000000000,23795282.244827803,-4083434.707049342,-11353771.578299379
127470.00000000000,23760981.568812262,-4057653.118603265,-11435557.560924595
127500.00000000000,23726459.02223245,-4031663.7387014655,-11517127.48823933
127530.00000000000,23691716.024378244,-4005465.9699790208,-11598479.82975352
127560.00000000000,23656754.000065025,-3979059.2241646834,-11679613.059182845
127590.00000000000,23621574.379573308,-3952442.9221126726,-11760525.654475676
127620.00000000000,23586178.59858802,-3925616.4938345077,-11841216.097839788
127650.00000000000,23550568.098137684,-3898579.378530518,-11921682.875768995
127680.00000000000,23514744.32453331,-3871331.0246203067,-12001924.479069937
127710.00000000000,23478708.729307197,-3843870.889773582,-12081939.402888436
127740.00000000000,23442462.769151416,-3816198.440940298,-12161726.146736013
127770.00000000000,23406007.90585626,-3788313.1543801436,-12241283.21451626
127800.00000000000,23369345.606248364,-3760214.515692045,-12320609.114551086
127830.00000000000,23332477.342128772,-3731902.019843092,-12399702.35960686
127860.00000000000,23295404.59021066,-3703375.171197095,-12478561.466920625
127890.00000000000,23258128.832057092,-3674633.4835425923,-12557184.958225967
127920.00000000000,23220651.55401839,-3645676.4801208116,-12635571.359779058
127950.00000000000,23182974.24716952,-3616503.693652829,-12713719.202384375
127980.00000000000,23145098.40724714,-3587114.6663665297,-12791627.021420605
128010.00000000000,23107025.534586627,-3557508.950023234,-12869293.356866144
128040.00000000000,23068757.13405879,-3527686.105943829,-12946716.753324801
128070.00000000000,23030294.7150066,-3497645.705034417,-13023895.760051169
128100.00000000000,22991639.79118159,-3467387.327811624,-13100828.930976115
128130.00000000000,22952793.880680215,-3436910.5644277697,-13177514.824731989
128160.00000000000,22913758.505879983,-3406215.014694984,-13253952.004677987
128190.00000000000,22874535.193375513,-3375300.2881096173,-13330139.038925072
128220.00000000000,22835125.47391432,-3344166.0038758824,-13406074.5003612
128250.00000000000,22795530.882332634,-3312811.790928988,-13481756.966676183
128280.00000000000,22755752.957490902,-3281237.2879581833,-13557185.020386482
128310.00000000000,22715793.24220921,-3249442.143429175,-13632357.248860132
128340.00000000000,22675653.28320267,-3217426.01560614,-13707272.244341219
128370.00000000000,22635334.6310165,-3185188.572573347,-13781928.60397461
128400.00000000000,22594838.839961026,-3152729.4922564942,-13856324.929830411
128430.00000000000,22554167.468046688,-3120048.462443386,-13930459.82892828
128460.00000000000,22513322.076918717,-3087145.180804359,-14004331.913261803
128490.00000000000,22472304.231791805,-3054019.3549123723,-14077939.799822731
128520.00000000000,22431115.50138464,-3020670.7022623643,-14151282.110625006
128550.00000000000,22389757.45785433,-2987098.950290543,-14224357.47272888
128580.00000000000,22348231.67673063,-2953303.83639305,-14297164.518264739
128610.00000000000,22306539.736850157,-2919285.1079443516,-14369701.884457039
128640.00000000000,22264683.220290452,-2885042.5223149154,-14441968.213648021
128670.00000000000,22222663.712303944,-2850575.846888867,-14513962.1533213
128700.00000000000,22180482.801251747,-2815884.8590810234,-14585682.356125481
128730.00000000000,22138142.078537483,-2780969.3463533856,-14657127.479897557
128760.00000000000,22095643.138540845,-2745829.106231315,-14728296.187686393
128790.00000000000,22052987.578551188,-2710463.946319565,-14799187.147775842
128820.00000000000,22010176.998701017,-2674873.6843173597,-14869799.033707945
128850.00000000000,21967213.00189926,-2639058.1480333284,-14940130.524306122
128880.00000000000,21924097.193764612,-2603017.1754003055,-15010180.30369796
128910.00000000000,21880831.182558693,-2566750.61448898,-15079947.061338287
128940.00000000000,21837416.579119116,-2530258.3235217463,-15149429.49203184
128970.00000000000,21793854.9967926,-2493540.170886116,-15218626.29595592
129000.00000000000,21750148.051367775,-2456596.0351471137,-15287536.178683102
129030.00000000000,21706297.361008167,-2419425.805059908,-15356157.851203606
129060.00000000000,21662304.54618495,-2382029.379581783,-15424490.029947756
129090.00000000000,21618171.229609594,-2344406.6678834055,-15492531.436808275
129120.00000000000,21573899.03616666,-2306557.589360114,-15560280.79916242
129150.00000000000,21529489.592846252,-2268482.0736425743,-15627736.849894151
129180.00000000000,21484944.52867664,-2230180.060606841,-15694898.327416087
129210.00000000000,21440265.474656686,-2191651.5003842525,-15761763.975691391
129240.00000000000,21395454.063688233,-2152896.3533708826,-15828332.544255627
129270.00000000000,21350511.9305085,-2113914.5902362764,-15894602.788238365
129300.00000000000,21305440.711622387,-2074706.1919320263,-15960573.468384918
129330.00000000000,21260242.045234706,-2035271.1496999357,-16026243.351077646
129360.00000000000,21214917.571182404,-1995609.4650796074,-16091611.208357548
129390.00000000000,21169468.930866733,-1955721.1499155369,-16156675.817945413
129420.00000000000,21123897.767185383,-1915606.2263639662,-16221435.96326312
129450.00000000000,21078205.72446458,-1875264.726899391,-16285890.43345464
129480.00000000000,21032394.448391117,-1834696.6943201534,-16350038.0234071
129510.00000000000,20986465.58594439,-1793902.1817540806,-16413877.53377162
129540.00000000000,20940420.7853284,-1752881.2526636608,-16477407.770984156
129570.00000000000,20894261.69590372,-1711633.9808504079,-16540627.54728611
